{
  "hash": "3ea90ab3",
  "configHash": "43c4aa8d",
  "lockfileHash": "e45ee935",
  "browserHash": "b8c5a524",
  "optimized": {
    "@angular/common": {
      "src": "../../../../../node_modules/@angular/common/fesm2022/common.mjs",
      "file": "@angular_common.js",
      "fileHash": "6e253142",
      "needsInterop": false
    },
    "@angular/common/http": {
      "src": "../../../../../node_modules/@angular/common/fesm2022/http.mjs",
      "file": "@angular_common_http.js",
      "fileHash": "1b87c012",
      "needsInterop": false
    },
    "@angular/core": {
      "src": "../../../../../node_modules/@angular/core/fesm2022/core.mjs",
      "file": "@angular_core.js",
      "fileHash": "759df9d0",
      "needsInterop": false
    },
    "@angular/forms": {
      "src": "../../../../../node_modules/@angular/forms/fesm2022/forms.mjs",
      "file": "@angular_forms.js",
      "fileHash": "2c899af0",
      "needsInterop": false
    },
    "@angular/material/button": {
      "src": "../../../../../node_modules/@angular/material/fesm2022/button.mjs",
      "file": "@angular_material_button.js",
      "fileHash": "18cc86a2",
      "needsInterop": false
    },
    "@angular/material/datepicker": {
      "src": "../../../../../node_modules/@angular/material/fesm2022/datepicker.mjs",
      "file": "@angular_material_datepicker.js",
      "fileHash": "8466aec6",
      "needsInterop": false
    },
    "@angular/material/dialog": {
      "src": "../../../../../node_modules/@angular/material/fesm2022/dialog.mjs",
      "file": "@angular_material_dialog.js",
      "fileHash": "5fd8b03f",
      "needsInterop": false
    },
    "@angular/material/form-field": {
      "src": "../../../../../node_modules/@angular/material/fesm2022/form-field.mjs",
      "file": "@angular_material_form-field.js",
      "fileHash": "6b4b91bc",
      "needsInterop": false
    },
    "@angular/material/paginator": {
      "src": "../../../../../node_modules/@angular/material/fesm2022/paginator.mjs",
      "file": "@angular_material_paginator.js",
      "fileHash": "151b29d8",
      "needsInterop": false
    },
    "@angular/material/select": {
      "src": "../../../../../node_modules/@angular/material/fesm2022/select.mjs",
      "file": "@angular_material_select.js",
      "fileHash": "15e15515",
      "needsInterop": false
    },
    "@angular/material/slide-toggle": {
      "src": "../../../../../node_modules/@angular/material/fesm2022/slide-toggle.mjs",
      "file": "@angular_material_slide-toggle.js",
      "fileHash": "9b6b91e8",
      "needsInterop": false
    },
    "@angular/material/sort": {
      "src": "../../../../../node_modules/@angular/material/fesm2022/sort.mjs",
      "file": "@angular_material_sort.js",
      "fileHash": "c135f63a",
      "needsInterop": false
    },
    "@angular/material/table": {
      "src": "../../../../../node_modules/@angular/material/fesm2022/table.mjs",
      "file": "@angular_material_table.js",
      "fileHash": "e3669b3c",
      "needsInterop": false
    },
    "@angular/platform-browser": {
      "src": "../../../../../node_modules/@angular/platform-browser/fesm2022/platform-browser.mjs",
      "file": "@angular_platform-browser.js",
      "fileHash": "8170742d",
      "needsInterop": false
    },
    "@angular/platform-browser/animations/async": {
      "src": "../../../../../node_modules/@angular/platform-browser/fesm2022/animations/async.mjs",
      "file": "@angular_platform-browser_animations_async.js",
      "fileHash": "db363bb5",
      "needsInterop": false
    },
    "@angular/router": {
      "src": "../../../../../node_modules/@angular/router/fesm2022/router.mjs",
      "file": "@angular_router.js",
      "fileHash": "fe9a29ef",
      "needsInterop": false
    },
    "ngx-toastr": {
      "src": "../../../../../node_modules/ngx-toastr/fesm2022/ngx-toastr.mjs",
      "file": "ngx-toastr.js",
      "fileHash": "0e79510c",
      "needsInterop": false
    },
    "ngx-ui-loader": {
      "src": "../../../../../node_modules/ngx-ui-loader/fesm2020/ngx-ui-loader.mjs",
      "file": "ngx-ui-loader.js",
      "fileHash": "1809608c",
      "needsInterop": false
    },
    "@angular/material/core": {
      "src": "../../../../../node_modules/@angular/material/fesm2022/core.mjs",
      "file": "@angular_material_core.js",
      "fileHash": "d5dc1316",
      "needsInterop": false
    }
  },
  "chunks": {
    "browser-D6HQQGYY": {
      "file": "browser-D6HQQGYY.js"
    },
    "chunk-PA3NMFNK": {
      "file": "chunk-PA3NMFNK.js"
    },
    "chunk-MEILZ6Y2": {
      "file": "chunk-MEILZ6Y2.js"
    },
    "chunk-S3BMVDMN": {
      "file": "chunk-S3BMVDMN.js"
    },
    "chunk-UCB4ABO5": {
      "file": "chunk-UCB4ABO5.js"
    },
    "chunk-OMKPPBDL": {
      "file": "chunk-OMKPPBDL.js"
    },
    "chunk-7DPEC3YH": {
      "file": "chunk-7DPEC3YH.js"
    },
    "chunk-6EZH46NV": {
      "file": "chunk-6EZH46NV.js"
    },
    "chunk-KC2AQXCO": {
      "file": "chunk-KC2AQXCO.js"
    },
    "chunk-BQQOV243": {
      "file": "chunk-BQQOV243.js"
    },
    "chunk-BKVPTMNW": {
      "file": "chunk-BKVPTMNW.js"
    },
    "chunk-BVOXYOMT": {
      "file": "chunk-BVOXYOMT.js"
    },
    "chunk-MPTKCDLZ": {
      "file": "chunk-MPTKCDLZ.js"
    },
    "chunk-GAZAEMZ4": {
      "file": "chunk-GAZAEMZ4.js"
    }
  }
}